year,region,consumption_k_m3,population,litres_per_capita_day
2010,Total,2379179.8,23978487.0,271.83953774555533
2011,Total,2423314.1,25091867.0,264.596361535344
2012,Total,2526655.983,26168861.0,264.52603951330207
2013,Total,2731054.921,27624004.0,270.863783878509
2014,Total,2873911.483,28309273.0,278.1325430155327
2015,Total,3025000.0,29816382.0,277.9569712004868
2016,Total,3129073.037,30954198.0,276.9512180898982
2017,Total,3150471.886,30977355.0,278.6367598091423
2018,Total,3427935.05,30196281.0,311.01852829864475
2019,Total,3492905.449,30063799.0,318.3098706142565
2020,Total,3629132.768,31552510.0,315.1200808230427
2021,Total,3556976.71,30784383.0,316.5612145363731
2022,Total,3529867.511,32175224.0,300.56884431171903
2023,Total,3579030.737,33702731.0,290.9427032193236
