year,region,consumption_k_m3,population,litres_per_capita_day,suspicious
2010,Al-Bahah,9064.8,262457.0,94.6252852587307,False
2011,Al-Bahah,9473.1,271954.0,95.4341492683946,False
2012,Al-Bahah,12657.703,281201.0,123.32331092764387,False
2013,Al-Bahah,16433.339,293412.0,153.44582558089806,False
2014,Al-Bahah,25233.229,299886.0,230.52804814688028,False
2015,Al-Bahah,39570.0,312558.0,346.85069300452903,False
2016,Al-Bahah,43194.788,321992.0,367.53051296773475,False
2017,Al-Bahah,32789.668,322779.0,278.3164544450384,False
2018,Al-Bahah,32630.769,318510.0,280.6799382226231,False
2019,Al-Bahah,37335.003,319257.0,320.392910576917,False
2020,Al-Bahah,39721.98,331305.0,328.4808332676942,False
2021,Al-Bahah,37713.541,327833.0,315.1750124698053,False
2022,Al-Bahah,38070.454,339174.0,307.51948468523574,False
2023,Al-Bahah,37218.293,351067.0,290.4514694556802,False
2010,Al-Jawf,38373.4,444672.0,236.4273053840269,False
2011,Al-Jawf,39658.2,461187.0,235.59337695929423,False
2012,Al-Jawf,41912.888,477818.0,240.3212732399916,False
2013,Al-Jawf,40241.208,499207.0,220.8500380233187,False
2014,Al-Jawf,41032.992,512630.0,219.29882403367645,False
2015,Al-Jawf,41380.0,535411.0,211.74361941330795,False
2016,Al-Jawf,43987.693,553527.0,217.7205942930702,False
2017,Al-Jawf,27590.603,558052.0,135.45456901988513,True
2018,Al-Jawf,47568.979,554005.0,235.24330983116346,False
2019,Al-Jawf,48807.727,557379.0,239.90821326243002,False
2020,Al-Jawf,56661.558,579446.0,267.906146915294,False
2021,Al-Jawf,52867.163,574894.0,251.94478019557243,False
2022,Al-Jawf,43456.176,595822.0,199.82145076609484,False
2023,Al-Jawf,41321.156,619011.0,182.88632443582176,False
2010,Al-Madinah,170273.0,1621483.0,287.70043834132935,False
2011,Al-Madinah,154468.3,1689249.0,250.5260159501697,False
2012,Al-Madinah,160948.347,1755228.0,251.22341675410016,False
2013,Al-Madinah,178006.528,1844577.0,264.3907615720131,False
2014,Al-Madinah,181263.887,1888619.0,262.9505416609152,False
2015,Al-Madinah,174040.0,1980839.0,240.71714955542535,False
2016,Al-Madinah,183663.258,2050659.0,245.37819706698096,False
2017,Al-Madinah,200991.331,2053943.0,268.09954357151963,False
2018,Al-Madinah,239137.635,2009884.0,325.9748337415125,False
2019,Al-Madinah,252742.022,2004830.0,345.3878363204915,False
2020,Al-Madinah,261164.168,2096074.0,341.36116782763906,False
2021,Al-Madinah,260370.98,2053240.0,347.4241446128711,False
2022,Al-Madinah,268729.347,2137983.0,344.36419106296444,False
2023,Al-Madinah,283443.277,2231980.0,347.9228860866456,False
2010,Al-Qassim,141800.0,1034755.0,375.444574498245,False
2011,Al-Qassim,116574.4,1075381.0,296.9941981569501,False
2012,Al-Qassim,117190.631,1114675.0,288.03931362756697,False
2013,Al-Qassim,120056.656,1166736.0,281.9166848417118,False
2014,Al-Qassim,123198.349,1192307.0,283.08960971265896,False
2015,Al-Qassim,131520.0,1246088.0,289.16799385218997,False
2016,Al-Qassim,123774.884,1285600.0,263.7751020790889,False
2017,Al-Qassim,64505.027,1285836.0,137.4406233531049,True
2018,Al-Qassim,167145.438,1261835.0,362.9101323463964,False
2019,Al-Qassim,177915.781,1260269.0,386.7749630359954,False
2020,Al-Qassim,180110.43,1310168.0,376.6335560605299,False
2021,Al-Qassim,172860.507,1289032.0,367.4000568930688,False
2022,Al-Qassim,160843.59,1336179.0,329.7966588780498,False
2023,Al-Qassim,159402.677,1386788.0,314.91450965374565,False
2010,Asir,47778.0,1469841.0,89.05631979036256,False
2011,Asir,62662.2,1529057.0,112.27656017661383,False
2012,Asir,67667.531,1588898.0,116.67866401141607,False
2013,Asir,76014.784,1666269.0,124.98563088659803,False
2014,Asir,79353.946,1713764.0,126.8599826072182,False
2015,Asir,84000.0,1796865.0,128.07694863073735,False
2016,Asir,100585.822,1863056.0,147.91696788531743,False
2017,Asir,100733.719,1879189.0,146.86271140413334,False
2018,Asir,103724.815,1863690.0,152.48113975095953,False
2019,Asir,108903.113,1876328.0,159.01521117346482,False
2020,Asir,116602.11,1958677.0,163.09878331978084,False
2021,Asir,101553.707,1943532.0,143.15654913146545,False
2022,Asir,119880.561,2024285.0,162.24982803838637,False
2023,Asir,137956.584,2111520.0,179.00055118379956,False
2010,Eastern Region,491881.0,3647910.0,369.4222659227315,False
2011,Eastern Region,554123.8,3833419.0,396.02960105855215,False
2012,Eastern Region,577240.778,4015832.0,393.81168922446057,False
2013,Eastern Region,599378.632,4256947.0,385.7537428481408,False
2014,Eastern Region,612784.265,4379894.0,383.310874646738,False
2015,Eastern Region,632640.0,4636295.0,373.8459856356429,False
2016,Eastern Region,659115.666,4835564.0,373.4406876230941,False
2017,Eastern Region,681913.119,4853790.0,384.9064587771505,False
2018,Eastern Region,682149.869,4746614.0,393.73409143548037,False
2019,Eastern Region,660057.32,4740235.0,381.49505650628765,False
2020,Eastern Region,685524.588,4989327.0,376.433446066851,False
2021,Eastern Region,657081.744,4879962.0,368.9012242645299,False
2022,Eastern Region,659232.988,5125254.0,352.3957593794309,False
2023,Eastern Region,652413.409,5393097.0,331.42997377207826,False
2010,Hail,29547.6,528426.0,153.1952038073889,False
2011,Hail,25592.0,550595.0,127.34417946612425,False
2012,Hail,25283.141,573231.0,120.83938142224478,False
2013,Hail,32218.854,602279.0,146.56136587314572,False
2014,Hail,43332.542,621248.0,191.09806896872897,False
2015,Hail,55460.0,652630.0,232.81982973423234,False
2016,Hail,55941.165,678308.0,225.94966556995445,False
2017,Hail,58213.494,686058.0,232.47163455208488,False
2018,Hail,64391.298,682111.0,258.63021571048284,False
2019,Hail,65181.814,688236.0,259.4754013576261,False
2020,Hail,69538.902,719987.0,264.612471789112,False
2021,Hail,66159.298,715422.0,253.35864802163127,False
2022,Hail,61662.199,746406.0,226.33463759247556,False
2023,Hail,61610.204,780332.0,216.31187680635264,False
2010,Jazan,17369.5,1062495.0,44.78860722438855,False
2011,Jazan,16689.3,1102242.0,41.48282281843833,False
2012,Jazan,32032.731,1141642.0,76.87252820876866,False
2013,Jazan,38398.677,1193895.0,88.11650504819984,False
2014,Jazan,45839.54,1223724.0,102.62753759991453,False
2015,Jazan,77000.0,1277892.0,165.08351575061823,False
2016,Jazan,60410.548,1319680.0,125.41551791717046,False
2017,Jazan,58357.27,1326914.0,120.49230885110062,False
2018,Jazan,86440.871,1310678.0,180.688394944898,False
2019,Jazan,90105.232,1315117.0,187.71230948658445,False
2020,Jazan,112377.372,1370141.0,224.70914377345406,False
2021,Jazan,119701.885,1355099.0,242.0121111911482,False
2022,Jazan,111697.88,1404997.0,217.80942524510434,False
2023,Jazan,116964.126,1459689.0,219.53283218135687,False
2010,Makkah,619770.0,6350217.0,267.3924371403371,False
2011,Makkah,613350.3,6640252.0,253.0644591232257,False
2012,Makkah,641719.801,6910156.0,254.42789440584127,False
2013,Makkah,676315.896,7292178.0,254.09696019676133,False
2014,Makkah,701812.015,7428120.0,258.8505091241952,False
2015,Makkah,699180.0,7808136.0,245.32892918817197,False
2016,Makkah,707128.036,8076610.0,239.87007976508792,False
2017,Makkah,750432.095,8019757.0,256.3641694462505,False
2018,Makkah,784546.707,7715338.0,278.5935020444616,False
2019,Makkah,826712.848,7607556.0,297.72593285535004,False
2020,Makkah,841414.236,7982529.0,288.78623330924086,False
2021,Makkah,831766.167,7692188.0,296.25009378844567,False
2022,Makkah,830256.826,8021463.0,283.5737365635718,False
2023,Makkah,838344.217,8383318.0,273.9766607007961,False
2010,Najran,9888.5,423831.0,63.92118750614704,False
2011,Najran,9114.4,442261.0,56.46204142827333,False
2012,Najran,9162.195,460802.0,54.47438185942996,False
2013,Najran,24057.726,484876.0,135.9349154880666,False
2014,Najran,19244.345,499520.0,105.54979355523768,False
2015,Najran,23300.0,525201.0,121.54511594295549,False
2016,Najran,24004.131,545958.0,120.45751223675343,False
2017,Najran,22357.142,551172.0,111.13126906957616,False
2018,Najran,31529.757,545320.0,158.40771636912447,False
2019,Najran,30205.845,548237.0,150.94884096846326,False
2020,Najran,33357.24,574344.0,159.12014164009196,False
2021,Najran,32768.921,567533.0,158.18968368962626,False
2022,Najran,30951.63,592300.0,143.16897906697596,False
2023,Najran,32552.173,619826.0,143.88559953347934,False
2010,Northern Borders,16787.0,270097.0,170.2787547507666,False
2011,Northern Borders,17081.4,280731.0,166.70177559437172,False
2012,Northern Borders,26188.422,291604.0,246.0497845360935,False
2013,Northern Borders,22805.204,305467.0,204.53931507791057,False
2014,Northern Borders,22392.907,314614.0,195.00222538407795,False
2015,Northern Borders,22130.0,329475.0,184.02044764034105,False
2016,Northern Borders,23742.211,341532.0,190.456980384437,False
2017,Northern Borders,29806.544,345347.0,236.46293259695796,False
2018,Northern Borders,38874.146,343630.0,309.9394976836746,False
2019,Northern Borders,33345.416,346525.0,263.6384217865638,False
2020,Northern Borders,38275.548,361607.0,289.9958105581284,False
2021,Northern Borders,26709.164,359411.0,203.59919919207235,False
2022,Northern Borders,26421.857,373577.0,193.77169717372453,False
2023,Northern Borders,28720.705,389309.0,202.11930115589064,False
2010,Riyadh,722615.0,6224033.0,318.0842908910784,False
2011,Riyadh,748120.7,6551735.0,312.8401489719376,False
2012,Riyadh,758087.7,6867853.0,302.4165780397056,False
2013,Riyadh,808242.81,7294753.0,303.55570133953796,False
2014,Riyadh,869840.262,7489799.0,318.182638209577,False
2015,Riyadh,974750.0,7933711.0,336.6076663500195,False
2016,Riyadh,1032137.417,8271126.0,341.8849797724614,False
2017,Riyadh,1070450.617,8275538.0,354.38679834934675,False
2018,Riyadh,1079374.144,8030674.0,368.23676762578566,False
2019,Riyadh,1088534.335,7979262.0,373.7545965172053,False
2020,Riyadh,1120685.046,8422408.0,364.5477622362982,False
2021,Riyadh,1126030.238,8175378.0,377.3543377058445,False
2022,Riyadh,1105437.967,8591748.0,352.5006983285606,False
2023,Riyadh,1121677.363,9051274.0,339.52001295656555,False
2010,Tabuk,64032.0,638270.0,274.8525498398818,False
2011,Tabuk,56406.0,663804.0,232.80514474358375,False
2012,Tabuk,56564.115,689921.0,224.62017837142483,False
2013,Tabuk,98884.607,723408.0,374.5006020210577,False
2014,Tabuk,108583.204,745148.0,399.23374972084247,False
2015,Tabuk,70030.0,781281.0,245.5749131216939,False
2016,Tabuk,71387.418,810586.0,241.28465964535246,False
2017,Tabuk,52331.257,818980.0,175.06325777102623,False
2018,Tabuk,70420.622,813992.0,237.0210161265763,False
2019,Tabuk,73058.993,820568.0,243.93057572015266,False
2020,Tabuk,73699.59,856497.0,235.74710119417446,False
2021,Tabuk,71393.395,850859.0,229.8833795796406,False
2022,Tabuk,73226.036,886036.0,226.42339217856698,False
2023,Tabuk,67406.553,925520.0,199.5370037073568,False
